rank,file,t_sec,score,U,A,D,n_boxes,n_ambiguous,empty,selected
1,frame_0074.jpg,29.6,0.7294,0.7921,0.4444,1.0,7,4,False,True
2,frame_0073.jpg,29.2,0.7289,0.6577,0.6667,1.0,7,6,False,False
3,frame_0291.jpg,116.4,0.7269,0.7178,0.6667,0.84,7,6,False,True
4,frame_0000.jpg,0.0,0.7208,0.7082,0.5556,1.0,6,5,False,True
5,frame_0033.jpg,13.2,0.6886,0.6438,0.5556,1.0,7,5,False,True
6,frame_0124.jpg,49.6,0.6844,0.7634,0.5556,0.68,6,5,False,True
7,frame_0031.jpg,12.4,0.67,0.6733,0.4444,1.0,7,4,False,False
8,frame_0169.jpg,67.6,0.6564,0.7047,0.6667,0.52,6,6,False,True
9,frame_0378.jpg,151.2,0.6556,0.8792,0.6667,0.08,10,6,False,True
10,frame_0001.jpg,0.4,0.6554,0.7108,0.3333,1.0,7,3,False,False
11,frame_0070.jpg,28.0,0.6546,0.7093,0.3333,1.0,5,3,False,False
12,frame_0329.jpg,131.6,0.651,0.7366,0.8889,0.08,11,8,False,True
13,frame_0129.jpg,51.6,0.644,0.736,0.3333,0.88,5,3,False,True
14,frame_0077.jpg,30.8,0.6413,0.7306,0.3333,0.88,7,3,False,False
15,frame_0284.jpg,113.6,0.6413,0.792,0.4444,0.56,5,4,False,True
16,frame_0290.jpg,116.0,0.6318,0.6103,0.5556,0.8,7,5,False,False
17,frame_0072.jpg,28.8,0.6275,0.5883,0.4444,1.0,6,4,False,False
18,frame_0069.jpg,27.6,0.619,0.5714,0.4444,1.0,5,4,False,True
19,frame_0328.jpg,131.2,0.6186,0.6052,1.0,0.08,10,9,False,False
20,frame_0132.jpg,52.8,0.6166,0.4999,0.5556,1.0,7,5,False,False
21,frame_0030.jpg,12.0,0.6159,0.5651,0.4444,1.0,6,4,False,False
22,frame_0032.jpg,12.8,0.6157,0.5648,0.4444,1.0,6,4,False,False
23,frame_0276.jpg,110.4,0.6122,0.7283,0.6667,0.24,7,6,False,True
24,frame_0027.jpg,10.8,0.6088,0.6177,0.3333,1.0,3,3,False,False
25,frame_0298.jpg,119.2,0.6068,0.6562,0.5556,0.56,6,5,False,False
26,frame_0128.jpg,51.2,0.6036,0.6046,0.4444,0.84,5,4,False,False
27,frame_0130.jpg,52.0,0.6028,0.6376,0.3333,0.92,4,3,False,False
28,frame_0023.jpg,9.2,0.6016,0.7366,0.1111,1.0,1,1,False,False
29,frame_0075.jpg,30.0,0.601,0.5514,0.4444,0.96,6,4,False,False
30,frame_0002.jpg,0.8,0.5953,0.524,0.4444,1.0,7,4,False,False
31,frame_0003.jpg,1.2,0.5941,0.5216,0.4444,1.0,7,4,False,False
32,frame_0294.jpg,117.6,0.591,0.6273,0.4444,0.72,5,4,False,False
33,frame_0068.jpg,27.2,0.5902,0.5138,0.4444,1.0,6,4,False,False
34,frame_0079.jpg,31.6,0.5896,0.5259,0.5556,0.8,6,5,False,False
35,frame_0067.jpg,26.8,0.5893,0.512,0.4444,1.0,7,4,False,False
36,frame_0170.jpg,68.0,0.5887,0.652,0.5556,0.48,7,5,False,False
37,frame_0315.jpg,126.0,0.5867,0.7253,0.6667,0.12,6,6,False,False
38,frame_0320.jpg,128.0,0.5809,0.7325,0.5556,0.24,7,5,False,False
39,frame_0386.jpg,154.4,0.5773,0.6585,0.6667,0.24,7,6,False,False
40,frame_0176.jpg,70.4,0.5717,0.7141,0.5556,0.24,7,5,False,False
41,frame_0396.jpg,158.4,0.5683,0.7392,0.5556,0.16,8,5,False,False
42,frame_0126.jpg,50.4,0.568,0.5654,0.4444,0.76,8,4,False,False
43,frame_0316.jpg,126.4,0.5678,0.6715,0.6667,0.16,8,6,False,False
44,frame_0071.jpg,28.4,0.5635,0.527,0.3333,1.0,5,3,False,False
45,frame_0278.jpg,111.2,0.5578,0.7209,0.4444,0.32,8,4,False,False
46,frame_0274.jpg,109.6,0.557,0.7167,0.5556,0.16,6,5,False,False
47,frame_0286.jpg,114.4,0.5555,0.5884,0.4444,0.64,4,4,False,False
48,frame_0332.jpg,132.8,0.552,0.6214,0.7778,0.04,8,7,False,False
49,frame_0016.jpg,6.4,0.5493,0.4987,0.3333,1.0,5,3,False,False
50,frame_0301.jpg,120.4,0.5487,0.5881,0.5556,0.44,5,5,False,False
51,frame_0395.jpg,158.0,0.5485,0.7157,0.5556,0.12,7,5,False,False
52,frame_0028.jpg,11.2,0.5478,0.5623,0.2222,1.0,3,2,False,False
53,frame_0279.jpg,111.6,0.5459,0.6144,0.5556,0.36,6,5,False,False
54,frame_0384.jpg,153.6,0.5445,0.6916,0.5556,0.16,9,5,False,False
55,frame_0015.jpg,6.0,0.5411,0.6155,0.1111,1.0,4,1,False,False
56,frame_0377.jpg,150.8,0.5409,0.6338,0.6667,0.12,10,6,False,False
57,frame_0374.jpg,149.6,0.5404,0.8008,0.3333,0.2,8,3,False,False
58,frame_0371.jpg,148.4,0.5377,0.71,0.5556,0.08,9,5,False,False
59,frame_0367.jpg,146.8,0.5361,0.7736,0.4444,0.08,8,4,False,False
60,frame_0013.jpg,5.2,0.5351,0.4703,0.3333,1.0,4,3,False,False
61,frame_0368.jpg,147.2,0.5347,0.7868,0.4444,0.04,9,4,False,False
62,frame_0375.jpg,150.0,0.532,0.784,0.3333,0.2,9,3,False,False
63,frame_0288.jpg,115.2,0.5316,0.5086,0.4444,0.72,7,4,False,False
64,frame_0029.jpg,11.6,0.5298,0.4597,0.3333,1.0,5,3,False,False
65,frame_0133.jpg,53.2,0.5298,0.3929,0.4444,1.0,9,4,False,False
66,frame_0186.jpg,74.4,0.524,0.632,0.6667,0.04,9,6,False,False
67,frame_0397.jpg,158.8,0.5202,0.7604,0.3333,0.2,8,3,False,False
68,frame_0008.jpg,3.2,0.52,0.5733,0.1111,1.0,3,1,False,False
69,frame_0280.jpg,112.0,0.5155,0.6711,0.3333,0.4,5,3,False,False
70,frame_0388.jpg,155.2,0.5149,0.6324,0.5556,0.16,11,5,False,False
71,frame_0330.jpg,132.0,0.5129,0.7431,0.4444,0.04,7,4,False,False
72,frame_0297.jpg,118.8,0.5123,0.518,0.4444,0.6,6,4,False,False
73,frame_0004.jpg,1.6,0.5103,0.4872,0.2222,1.0,4,2,False,False
74,frame_0024.jpg,9.6,0.5101,0.5536,0.1111,1.0,2,1,False,False
75,frame_0076.jpg,30.4,0.5085,0.449,0.3333,0.92,8,3,False,False
76,frame_0387.jpg,154.8,0.508,0.6693,0.4444,0.2,9,4,False,False
77,frame_0390.jpg,156.0,0.5076,0.5831,0.6667,0.08,7,6,False,False
78,frame_0306.jpg,122.4,0.5062,0.6498,0.4444,0.24,7,4,False,False
79,frame_0383.jpg,153.2,0.5058,0.6303,0.5556,0.12,7,5,False,False
80,frame_0389.jpg,155.6,0.5006,0.6199,0.5556,0.12,9,5,False,False
81,frame_0121.jpg,48.4,0.5003,0.6433,0.2222,0.56,3,2,False,False
82,frame_0373.jpg,149.2,0.5001,0.6695,0.4444,0.16,8,4,False,False
83,frame_0303.jpg,121.2,0.4991,0.5876,0.4444,0.36,6,4,False,False
84,frame_0283.jpg,113.2,0.4987,0.5227,0.4444,0.52,5,4,False,False
85,frame_0322.jpg,128.8,0.4956,0.6606,0.4444,0.16,6,4,False,False
86,frame_0131.jpg,52.4,0.4939,0.4704,0.2222,0.96,4,2,False,False
87,frame_0304.jpg,121.6,0.4934,0.5254,0.5556,0.32,7,5,False,False
88,frame_0327.jpg,130.8,0.4931,0.6368,0.5556,0.04,8,5,False,False
89,frame_0021.jpg,8.4,0.4917,0.3834,0.3333,1.0,5,3,False,False
90,frame_0394.jpg,157.6,0.4917,0.6848,0.4444,0.08,7,4,False,False
91,frame_0006.jpg,2.4,0.4915,0.3831,0.3333,1.0,3,3,False,False
92,frame_0026.jpg,10.4,0.4897,0.3794,0.3333,1.0,4,3,False,False
93,frame_0299.jpg,119.6,0.4871,0.5662,0.3333,0.52,7,3,False,False
94,frame_0018.jpg,7.2,0.4828,0.4323,0.2222,1.0,4,2,False,False
95,frame_0289.jpg,115.6,0.4821,0.5268,0.2222,0.76,7,2,False,False
96,frame_0318.jpg,127.2,0.4806,0.5986,0.4444,0.24,9,4,False,False
97,frame_0210.jpg,84.0,0.4801,0.5548,0.2222,0.68,3,2,False,False
98,frame_0292.jpg,116.8,0.4793,0.4386,0.3333,0.8,8,3,False,False
99,frame_0305.jpg,122.0,0.4768,0.5749,0.4444,0.28,6,4,False,False
100,frame_0094.jpg,37.6,0.476,0.8054,0.1111,0.2,3,1,False,False
101,frame_0277.jpg,110.8,0.4758,0.6396,0.3333,0.28,7,3,False,False
102,frame_0020.jpg,8.0,0.4716,0.4098,0.2222,1.0,3,2,False,False
103,frame_0302.jpg,120.8,0.4715,0.583,0.3333,0.4,7,3,False,False
104,frame_0005.jpg,2.0,0.4695,0.3391,0.3333,1.0,5,3,False,False
105,frame_0399.jpg,159.6,0.4659,0.5532,0.4444,0.28,7,4,False,False
106,frame_0085.jpg,34.0,0.4644,0.5049,0.3333,0.56,4,3,False,False
107,frame_0372.jpg,148.8,0.4643,0.5472,0.5556,0.12,10,5,False,False
108,frame_0293.jpg,117.2,0.4638,0.4902,0.2222,0.76,6,2,False,False
109,frame_0307.jpg,122.8,0.4637,0.514,0.5556,0.2,7,5,False,False
110,frame_0120.jpg,48.0,0.4612,0.4477,0.4444,0.52,5,4,False,False
111,frame_0275.jpg,110.0,0.4608,0.6416,0.3333,0.2,6,3,False,False
112,frame_0398.jpg,159.2,0.4592,0.6225,0.3333,0.24,7,3,False,False
113,frame_0376.jpg,150.4,0.4583,0.6527,0.3333,0.16,9,3,False,False
114,frame_0188.jpg,75.2,0.4568,0.631,0.4444,0.04,8,4,False,False
115,frame_0007.jpg,2.8,0.4536,0.3738,0.2222,1.0,6,2,False,False
116,frame_0319.jpg,127.6,0.4533,0.4612,0.5556,0.28,7,5,False,False
117,frame_0078.jpg,31.2,0.4518,0.3677,0.3333,0.84,6,3,False,False
118,frame_0127.jpg,50.8,0.4517,0.5167,0.1111,0.8,8,1,False,False
119,frame_0231.jpg,92.4,0.4509,0.5712,0.4444,0.16,7,4,False,False
120,frame_0017.jpg,6.8,0.4497,0.366,0.2222,1.0,5,2,False,False
121,frame_0287.jpg,114.8,0.447,0.422,0.3333,0.68,8,3,False,False
122,frame_0114.jpg,45.6,0.4463,0.514,0.4444,0.28,7,4,False,False
123,frame_0379.jpg,151.6,0.4445,0.6063,0.4444,0.04,10,4,False,False
124,frame_0125.jpg,50.0,0.4439,0.3999,0.3333,0.72,6,3,False,False
125,frame_0295.jpg,118.0,0.4438,0.4822,0.2222,0.68,5,2,False,False
126,frame_0105.jpg,42.0,0.4432,0.6544,0.3333,0.08,8,3,False,False
127,frame_0014.jpg,5.6,0.4427,0.4188,0.1111,1.0,5,1,False,False
128,frame_0225.jpg,90.0,0.4427,0.5867,0.4444,0.08,6,4,False,False
129,frame_0168.jpg,67.2,0.4422,0.527,0.2222,0.56,6,2,False,False
130,frame_0096.jpg,38.4,0.4411,0.5675,0.4444,0.12,6,4,False,False
131,frame_0209.jpg,83.6,0.44,0.5253,0.1111,0.72,3,1,False,False
132,frame_0010.jpg,4.0,0.4399,0.4131,0.1111,1.0,2,1,False,False
133,frame_0285.jpg,114.0,0.4384,0.5035,0.2222,0.6,5,2,False,False
134,frame_0080.jpg,32.0,0.4359,0.4344,0.2222,0.76,6,2,False,False
135,frame_0184.jpg,73.6,0.4353,0.572,0.4444,0.08,6,4,False,False
136,frame_0333.jpg,133.2,0.4337,0.6355,0.3333,0.08,9,3,False,False
137,frame_0025.jpg,10.0,0.4317,0.3968,0.1111,1.0,1,1,False,False
138,frame_0296.jpg,118.4,0.4312,0.473,0.2222,0.64,5,2,False,False
139,frame_0317.jpg,126.8,0.4285,0.577,0.3333,0.2,8,3,False,False
140,frame_0185.jpg,74.0,0.4281,0.6242,0.3333,0.08,8,3,False,False
141,frame_0089.jpg,35.6,0.4272,0.4945,0.3333,0.4,6,3,False,False
142,frame_0199.jpg,79.6,0.4266,0.5946,0.1111,0.48,1,1,False,False
143,frame_0370.jpg,148.0,0.4257,0.502,0.5556,0.04,9,5,False,False
144,frame_0115.jpg,46.0,0.4251,0.4555,0.4444,0.32,7,4,False,False
145,frame_0282.jpg,112.8,0.4249,0.4579,0.3333,0.48,6,3,False,False
146,frame_0095.jpg,38.0,0.4244,0.5848,0.3333,0.16,7,3,False,False
147,frame_0087.jpg,34.8,0.4239,0.5225,0.2222,0.48,3,2,False,False
148,frame_0193.jpg,77.2,0.4235,0.4843,0.4444,0.24,5,4,False,False
149,frame_0233.jpg,93.2,0.421,0.6126,0.2222,0.24,5,2,False,False
150,frame_0174.jpg,69.6,0.4203,0.5127,0.3333,0.32,6,3,False,False
151,frame_0097.jpg,38.8,0.4192,0.6064,0.3333,0.08,5,3,False,False
152,frame_0109.jpg,43.6,0.4176,0.5365,0.4444,0.08,6,4,False,False
153,frame_0300.jpg,120.0,0.4172,0.509,0.2222,0.48,7,2,False,False
154,frame_0113.jpg,45.2,0.4148,0.467,0.4444,0.24,5,4,False,False
155,frame_0229.jpg,91.6,0.4109,0.5232,0.4444,0.08,9,4,False,False
156,frame_0122.jpg,48.8,0.4106,0.4478,0.2222,0.6,5,2,False,False
157,frame_0219.jpg,87.6,0.4099,0.4919,0.3333,0.32,3,3,False,False
158,frame_0216.jpg,86.4,0.408,0.5066,0.2222,0.44,3,2,False,False
159,frame_0208.jpg,83.2,0.407,0.3766,0.2222,0.76,3,2,False,False
160,frame_0382.jpg,152.8,0.4061,0.5135,0.4444,0.08,7,4,False,False
161,frame_0272.jpg,108.8,0.4035,0.5084,0.4444,0.08,4,4,False,False
162,frame_0123.jpg,49.2,0.4014,0.4802,0.1111,0.64,7,1,False,False
163,frame_0206.jpg,82.4,0.4011,0.4316,0.1111,0.76,2,1,False,False
164,frame_0117.jpg,46.8,0.4007,0.508,0.2222,0.4,6,2,False,False
165,frame_0086.jpg,34.4,0.3995,0.3911,0.3333,0.52,4,3,False,False
166,frame_0214.jpg,85.6,0.3971,0.4529,0.2222,0.52,3,2,False,False
167,frame_0232.jpg,92.8,0.3943,0.5753,0.2222,0.2,4,2,False,False
168,frame_0183.jpg,73.2,0.3928,0.6363,0.2222,0.04,4,2,False,False
169,frame_0093.jpg,37.2,0.3914,0.4869,0.3333,0.24,4,3,False,False
170,frame_0202.jpg,80.8,0.3911,0.4088,0.2222,0.6,5,2,False,False
171,frame_0011.jpg,4.4,0.3896,0.3125,0.1111,1.0,4,1,False,False
172,frame_0173.jpg,69.2,0.3889,0.5005,0.2222,0.36,7,2,False,False
173,frame_0207.jpg,82.8,0.3885,0.3903,0.1111,0.8,3,1,False,False
174,frame_0009.jpg,3.6,0.3859,0.3051,0.1111,1.0,2,1,False,False
175,frame_0309.jpg,123.6,0.3846,0.4546,0.4444,0.12,5,4,False,False
176,frame_0081.jpg,32.4,0.3832,0.345,0.2222,0.72,6,2,False,False
177,frame_0172.jpg,68.8,0.3829,0.4059,0.3333,0.4,5,3,False,False
178,frame_0381.jpg,152.4,0.3826,0.5492,0.3333,0.04,8,3,False,False
179,frame_0084.jpg,33.6,0.382,0.4574,0.1111,0.6,3,1,False,False
180,frame_0104.jpg,41.6,0.3817,0.582,0.2222,0.12,4,2,False,False
181,frame_0090.jpg,36.0,0.3815,0.4856,0.2222,0.36,5,2,False,False
182,frame_0189.jpg,75.6,0.3796,0.5273,0.3333,0.08,4,3,False,False
183,frame_0119.jpg,47.6,0.3782,0.3645,0.3333,0.48,5,3,False,False
184,frame_0269.jpg,107.6,0.378,0.5401,0.3333,0.04,6,3,False,False
185,frame_0098.jpg,39.2,0.3769,0.5379,0.3333,0.04,5,3,False,False
186,frame_0180.jpg,72.0,0.3767,0.3881,0.5556,0.08,6,5,False,False
187,frame_0321.jpg,128.4,0.3751,0.4703,0.3333,0.2,7,3,False,False
188,frame_0198.jpg,79.2,0.3748,0.5069,0.1111,0.44,2,1,False,False
189,frame_0313.jpg,125.2,0.3725,0.6624,0.1111,0.04,2,1,False,False
190,frame_0167.jpg,66.8,0.3723,0.438,0.1111,0.6,6,1,False,False
191,frame_0271.jpg,108.4,0.3706,0.5253,0.3333,0.04,4,3,False,False
192,frame_0223.jpg,89.2,0.365,0.466,0.3333,0.16,7,3,False,False
193,frame_0177.jpg,70.8,0.3609,0.4418,0.3333,0.2,6,3,False,False
194,frame_0106.jpg,42.4,0.3595,0.5697,0.2222,0.04,6,2,False,False
195,frame_0194.jpg,77.6,0.3591,0.4062,0.3333,0.28,6,3,False,False
196,frame_0273.jpg,109.2,0.358,0.468,0.3333,0.12,5,3,False,False
197,frame_0230.jpg,92.0,0.3567,0.532,0.2222,0.12,9,2,False,False
198,frame_0178.jpg,71.2,0.3566,0.5159,0.2222,0.16,7,2,False,False
199,frame_0220.jpg,88.0,0.3562,0.4671,0.2222,0.28,3,2,False,False
200,frame_0204.jpg,81.6,0.3547,0.3708,0.1111,0.68,2,1,False,False
201,frame_0108.jpg,43.2,0.3544,0.4262,0.4444,0.04,7,4,False,False
202,frame_0192.jpg,76.8,0.3519,0.4904,0.2222,0.2,3,2,False,False
203,frame_0281.jpg,112.4,0.3512,0.3931,0.2222,0.44,4,2,False,False
204,frame_0083.jpg,33.2,0.3472,0.305,0.2222,0.64,4,2,False,False
205,frame_0222.jpg,88.8,0.3468,0.4137,0.3333,0.2,7,3,False,False
206,frame_0012.jpg,4.8,0.3467,0.2268,0.1111,1.0,5,1,False,False
207,frame_0175.jpg,70.0,0.3464,0.4474,0.2222,0.28,7,2,False,False
208,frame_0195.jpg,78.0,0.346,0.4306,0.2222,0.32,3,2,False,False
209,frame_0224.jpg,89.6,0.3451,0.4422,0.3333,0.12,5,3,False,False
210,frame_0116.jpg,46.4,0.3447,0.412,0.2222,0.36,7,2,False,False
211,frame_0218.jpg,87.2,0.3444,0.4781,0.1111,0.36,3,1,False,False
212,frame_0103.jpg,41.2,0.3443,0.4246,0.3333,0.16,5,3,False,False
213,frame_0212.jpg,84.8,0.3417,0.3768,0.1111,0.6,2,1,False,False
214,frame_0391.jpg,156.4,0.341,0.466,0.3333,0.04,8,3,False,False
215,frame_0112.jpg,44.8,0.3391,0.5316,0.1111,0.2,5,1,False,False
216,frame_0325.jpg,130.0,0.336,0.456,0.3333,0.04,6,3,False,False
217,frame_0310.jpg,124.0,0.3352,0.4384,0.3333,0.08,5,3,False,False
218,frame_0385.jpg,154.0,0.3281,0.4429,0.2222,0.2,9,2,False,False
219,frame_0171.jpg,68.4,0.3273,0.412,0.1111,0.44,5,1,False,False
220,frame_0197.jpg,78.8,0.3267,0.4268,0.1111,0.4,1,1,False,False
221,frame_0205.jpg,82.0,0.326,0.2973,0.1111,0.72,2,1,False,False
222,frame_0118.jpg,47.2,0.3238,0.3382,0.2222,0.44,5,2,False,False
223,frame_0213.jpg,85.2,0.3234,0.3562,0.1111,0.56,3,1,False,False
224,frame_0019.jpg,7.6,0.3232,0.2464,0.0,1.0,2,0,False,False
225,frame_0088.jpg,35.2,0.3221,0.3348,0.2222,0.44,4,2,False,False
226,frame_0203.jpg,81.2,0.3219,0.3211,0.1111,0.64,4,1,False,False
227,frame_0211.jpg,84.4,0.3202,0.3178,0.1111,0.64,3,1,False,False
228,frame_0082.jpg,32.8,0.3176,0.2966,0.1111,0.68,5,1,False,False
229,frame_0091.jpg,36.4,0.3166,0.4385,0.1111,0.32,3,1,False,False
230,frame_0228.jpg,91.2,0.3148,0.4803,0.2222,0.04,4,2,False,False
231,frame_0179.jpg,71.6,0.3113,0.3746,0.3333,0.12,6,3,False,False
232,frame_0268.jpg,107.2,0.3078,0.4502,0.2222,0.08,5,2,False,False
233,frame_0022.jpg,8.8,0.3038,0.2075,0.0,1.0,4,0,False,False
234,frame_0308.jpg,123.2,0.2953,0.3933,0.2222,0.16,6,2,False,False
235,frame_0226.jpg,90.4,0.2932,0.4371,0.2222,0.04,5,2,False,False
236,frame_0267.jpg,106.8,0.2902,0.3991,0.2222,0.12,6,2,False,False
237,frame_0200.jpg,80.0,0.2859,0.2972,0.1111,0.52,2,1,False,False
238,frame_0102.jpg,40.8,0.2848,0.3217,0.3333,0.12,5,3,False,False
239,frame_0201.jpg,80.4,0.2835,0.2764,0.1111,0.56,3,1,False,False
240,frame_0217.jpg,86.8,0.278,0.3293,0.1111,0.4,2,1,False,False
241,frame_0111.jpg,44.4,0.2763,0.4219,0.1111,0.16,4,1,False,False
242,frame_0110.jpg,44.0,0.2732,0.3651,0.2222,0.12,5,2,False,False
243,frame_0181.jpg,72.4,0.2713,0.3933,0.2222,0.04,6,2,False,False
244,frame_0092.jpg,36.8,0.2666,0.3545,0.1111,0.28,4,1,False,False
245,frame_0215.jpg,86.0,0.2637,0.2687,0.1111,0.48,4,1,False,False
246,frame_0196.jpg,78.4,0.2627,0.3147,0.1111,0.36,3,1,False,False
247,frame_0314.jpg,125.6,0.2562,0.347,0.2222,0.08,6,2,False,False
248,frame_0311.jpg,124.4,0.2512,0.353,0.2222,0.04,4,2,False,False
249,frame_0190.jpg,76.0,0.2459,0.3105,0.2222,0.12,4,2,False,False
250,frame_0324.jpg,129.6,0.2441,0.3229,0.2222,0.08,6,2,False,False
251,frame_0221.jpg,88.4,0.2348,0.2402,0.2222,0.24,5,2,False,False
252,frame_0100.jpg,40.0,0.2274,0.3054,0.2222,0.04,5,2,False,False
253,frame_0101.jpg,40.4,0.2259,0.3532,0.1111,0.08,5,1,False,False
254,frame_0323.jpg,129.2,0.2181,0.3216,0.1111,0.12,7,1,False,False
255,frame_0393.jpg,157.2,0.1968,0.3775,0.0,0.04,6,0,False,False
256,frame_0191.jpg,76.4,0.1814,0.2321,0.1111,0.16,5,1,False,False
